activity_hour,total_activity
0.0,1.0114012631
1.0,0.7559232144
2.0,0.9032439715999999
3.0,0.8055016102
4.0,0.5679086618
5.0,0.6012002285
6.0,2.7720402821
7.0,7.2970619133
8.0,11.0676020325
9.0,15.4316695808
10.0,15.0522820231
11.0,11.6190223741
12.0,9.234615209600001
13.0,11.109621580699999
14.0,9.4374014123
15.0,11.5767106533
16.0,14.254537937
17.0,15.107840899600001
18.0,10.7029841486
19.0,9.4105505958
20.0,8.1604585065
21.0,4.8091286781
22.0,4.1749469845
23.0,1.78525084125501
24.0,0.963103447671213
25.0,1.79082356513051
26.0,0.477440020625384
27.0,1.57759745797692
28.0,0.36423086953663797
29.0,0.825155892056235
30.0,1.84976561813723
31.0,7.277918707578549
32.0,14.699773342039402
33.0,14.3805306880866
34.0,14.4737181971016
35.0,12.5570391456882
36.0,11.7422701237042
37.0,12.175209985762699
38.0,10.7764514670891
39.0,13.147109056077099
40.0,16.15332936749
41.0,16.290419823386
42.0,14.784840169690401
43.0,11.207883123972499
44.0,9.45846423898838
45.0,6.9277564654195
46.0,5.50097266120321
47.0,2.84501924342989
48.0,1.2977859695011102
49.0,0.7702413473840959
50.0,0.7583816500520469
51.0,0.720406722404131
52.0,1.22468997027095
53.0,0.7734864208727329
54.0,1.81179069048931
55.0,6.000027253777501
56.0,10.3929263796025
57.0,12.4554904212547
58.0,15.0829408789205
59.0,12.5610649715766
60.0,9.81880427089248
61.0,9.94279150947638
62.0,9.168519589037551
63.0,11.352870889410699
64.0,14.1919924003872
65.0,13.2047466715753
66.0,15.767465675471598
67.0,10.7198813639155
68.0,9.35168545564436
69.0,6.38723154934793
70.0,5.03614863899669
71.0,1.8457715112981201
72.0,0.656640978872382
73.0,0.378553205511389
74.0,0.9985321002767651
75.0,1.5124770420324098
76.0,1.15780459717804
77.0,2.88489468197627
78.0,8.00275958553095
79.0,15.8769145301895
80.0,17.503940244760898
81.0,17.874422194340198
82.0,18.243862086362398
83.0,17.8242376153149
84.0,17.7726225820517
85.0,17.2889152421207
86.0,17.8439367907248
87.0,21.5457485285461
88.0,23.9261478176082
89.0,24.0801304415162
90.0,19.072527358283
91.0,15.1852111206714
92.0,12.3203997864256
93.0,6.76391230414415
94.0,4.5867128888331195
95.0,1.76070468364719
96.0,0.48523880812739395
97.0,0.555001894453083
98.0,0.6129291406138361
99.0,0.32350367258341806
100.0,0.39755469942699
101.0,2.27658185535056
102.0,8.203284346768239
103.0,18.095273329280698
104.0,19.9529289678798
105.0,16.9374120675859
106.0,18.6393048893202
107.0,18.1085688221628
108.0,16.120614570206
109.0,16.6170047115467
110.0,17.914722495783
111.0,19.659184649754398
112.0,25.973954471919498
113.0,21.6444149365672
114.0,20.754141220476
115.0,13.924831471465799
116.0,11.4243195421893
117.0,9.466381181337491
118.0,4.79905077136424
119.0,2.4079682579811603
120.0,1.28152720056246
121.0,0.41420048277243604
122.0,0.61030765654819
123.0,0.538878113770264
124.0,0.9906957082631139
